{"cameraMode":{"drawMode":0,"name":"Shaded","section":"Shading Mode"},"sceneLighting":true,"audioPlay":false,"sceneViewState":{"showFog":true,"showMaterialUpdate":false,"showSkybox":true,"showFlares":true,"showImageEffects":true,"showParticleSystems":true},"in2DMode":false,"pivot":{"x":-1.399200439453125,"y":-802.4526977539063,"z":709.8123168945313},"rotation":{"x":0.4106169044971466,"y":-0.02598588354885578,"z":0.011707602068781853,"w":0.9113624095916748},"size":1342.180419921875,"orthographic":false}